{
  "project_info": {
    "project_number": "704406969246",
    "project_id": "sosfirebase-5a323",
    "storage_bucket": "sosfirebase-5a323.appspot.com"
  },
  "client": [
    {
      "client_info": {
        "mobilesdk_app_id": "1:704406969246:android:88849cb277fc453ab8148f",
        "android_client_info": {
          "package_name": "com.example.sos"
        }
      },
      "oauth_client": [
        {
          "client_id": "704406969246-2l4ok57hm385uqt8qv4avrf6l1utvmj7.apps.googleusercontent.com",
          "client_type": 3
        }
      ],
      "api_key": [
        {
          "current_key": "AIzaSyDR89RBdX5mmb8jCoIwu7vvrHUQdH2ekng"
        }
      ],
      "services": {
        "appinvite_service": {
          "other_platform_oauth_client": [
            {
              "client_id": "704406969246-2l4ok57hm385uqt8qv4avrf6l1utvmj7.apps.googleusercontent.com",
              "client_type": 3
            }
          ]
        }
      }
    }
  ],
  "configuration_version": "1"
}